loss,auc,val_loss,val_auc,lr
0.3131576180458069,0.6394475698471069,2.8435003757476807,0.49692410230636597,0.0010000000474974513
